{"supervised_model_": null, "ntrees": 50, "verbose": 1, "model_def": "szubert", "loss_history_": [1.6695624605814616, 1.439608810742696, 1.4519373273849487, 1.3472663768132527, 1.2162350543340048, 1.0383911649386088, 0.918870267868042, 0.7795609315236409, 0.9557403294245402, 0.8999186865488689, 0.8515174476305644, 0.7791060797373454, 0.9243165556589762, 0.705604362487793, 0.8566876180966695, 0.7207399765650432, 0.8199880242347717, 0.6769968390464782, 0.6584186402956644, 0.6802584346135457, 0.7804198718070984, 0.8449587980906169, 0.7418873111406962, 0.768528340657552, 0.6316309706370036, 0.6870556386311849, 0.8340471744537353, 0.6917667675018311, 0.7124613380432129, 0.6591876562436422, 0.6484391188621521, 0.6003559621175131, 0.9042268498738607, 0.6300355776151021, 0.6315005246798198, 0.671958380540212, 0.6347126921017965, 0.6653857882817586, 0.6953541588783264, 0.6530423227945964, 0.6543774255116781, 0.6364145898818969, 0.5658016324043273, 0.7481349420547485, 0.6229248181978861, 0.6282488926251729, 0.6246444797515869, 0.7561344250043234, 0.6782370781898499, 0.7361718090375264, 0.7444232082366944, 0.6642089430491129, 0.5867332172393799, 0.7035360956192016, 0.6493970115979513, 0.6650740059216818, 0.7074829363822936, 0.6206844305992126, 0.6467709883054098, 0.6361647192637125, 0.8104732267061869, 0.6370418190956115, 0.6315870054562887], "batch_size": 128, "encoder": null, "precompute": true, "callbacks": [], "epochs": 1000, "embedding_dims": 2, "distance": "pn", "supervision_weight": 0.5, "model_": null, "annoy_index_path": "annoy.index", "k": 15, "n_epochs_without_progress": 20, "supervision_metric": "sparse_categorical_crossentropy", "build_index_on_disk": true, "search_k": -1, "margin": 1}